review,label
hernando de soto, 1
hernando de soto la posibilidad de que alg candidato quede excluido estas alturas de la contienda electoral es un escenario que no comparto quiero ganar en la cancha no con tachas,1
hernando de soto el peruano ilustre de las ltimas cadas el pr ximo presidente del per hernandopresidente,1
bien hernando de soto est del lado correcto gracias por expresarte por nuestra democracia robada,1
mejor es hernando de soto,1
hernando de soto usted es el mejor candidato elecciones,1
por un momento pens que te refer as hernando de soto,0
pues en la entrevista de casi una hora que tuvo con forrest gump lo trat suavecito igual con hernando soto vas ver que cuando le toque con mendoza sifuentes ir con el cuchillo entre los dientes,0
solo un morado ha hecho eso en tres meses imag nate todo un gobierno morado en os con hernando de soto vuelve la gente de keiko esos que nos han llevado al fracaso actual por pelearse con ppk no gracias,0
vamos lo seguro con hernando de soto no tiremos por la ventana os desotopresidente,1
hernando de soto si,1
hernando de soto keiko es otra intervencionista sin experiencia,0
carlitarocha yo veo mucho lidos serios los planteamientos de hernando de soto lopez aliaga es un demagogo,1
bravo hernando de soto presidente del per,1
si keiko hernando de soto aman al peru deberian renunciar permitir que porki gane en primera vuelta,0
si keiko hernando de soto aman al peru deberian renunciar permitir que porki gane en primera vuelta,0
carlitarocha si keiko hernando de soto aman al peru deberian renunciar permitir que porki gane en primera vuelta,0
solo hernando de soto se pronuncio sobre la exclusi rla,1
estoy entre humala hernando de soto en el primero valoro la experiencia madurez corte social ademas es de centro,1
ya me hart de tanto pleito pol tico ni keiko ni hernando de soto ni aliaga mi voto es por camotillo el tinterillo la franca mis lorchos,0
la prensa mermelera le dan con palo pez aliaga hernando de soto keiko fujimori son los mas atraen al pueblo los dem son inventos de las encuestadoras corruptas pagadas por la corrupcion junto los medios mermeleros ya todos conocemos,0
hernando de soto en contra de exclusiones candidatos es un escenario que no comparto trav de,0
bien hernando de soto,1
hernando de soto si,1
as es querido hernando de soto tu eres el mejor por eso mi piura te respalda,1
liz vero recorre los pueblos de la costa sierra con gran xito junto hernando de soto impulsar el desarrollo de la agricultura educaci salud marca el tren de avanza pa escribe el en ancash,1
nicolas poto nooo estoy de acuerdo mejor hernando de soto rla es tremendo baboso ya hablando en serio,0
hernando de soto,1
el fujimorismo tiene tres candidatos keiko rafael lopez aliaga hernando de soto porky,1
todos los periodistas mermeleros estan en contra de hernando de soto de pez aliaga ya que son los nicos candidatos que desarticularian la corrupci,1
elecciones hernando de soto en contra de exclusiones candidatos es un escenario que no comparto,0
hoy en el blog el indio que hac de gu atac varias veces los espa oles tuvieron que matarlo luego encontraron el puerto que utiliz nfilo de narv ez anteriormente pedro calder sus hombres se reunir con hernando de soto,0
yo puedo viajar narnia trav de mi ropero hernando de soto no lo esta mejor preparado sino tambi est alejado de actos de corrupci tampoco debe impuestos,0
rla luchado por mantener el monopolio de los trenes en el cusco piensa como empresario pero no como un empresario honesto este es el pico vivo le saca la vuelta la ley porq tiene la plata para pagar abogados de lejos hernando de soto desprende honestidad,1
hernando de soto moderado jajajajajajajajaaa,1
hernando de soto presidente,1
creo que estas confundiendo algo hernando de soto acepta la libertad de elecci de una persona el escucha todos pero hasta ah nomas no ha dicho que va implementar pol ticas con respecto la ideolog de nero en la educaci algo por el estilo,1
desotosabe hernando de soto presidente,1
analista si lo dice el analista debe ser cierto endosarle los votos hernando de soto no queda otra,1
estoy en contr de la corrupci el porky tiene muchos intereses empresariales tanto personales como de personas cercanas el porky no es garant de legalidad prefiero mil veces hernando de soto no otro que va ha robar gran escala con tremendas deudas tiene,1
marcelo hernando de soto el decente de los,1
si hernando de soto seria el puntero hubiesen hecho lo mismo con el,1
la mejor candidata al congreso de la rep blica mar teresa dulanto el mejor candidato la presidencia de la rep blica hernando de soto avanza pa,1
jam jam los tres millonarios pez aliaga hernando de soto la fujimori son el mismo fujimorismo con tres scaras,0
excelente comentario sr hernando de soto saludo sus palabras,1
hernando de soto is the best,1
formalizaci de nuestro pa creaci del capital que necesitas el capitalismo incluir los pobres participaremos de las decisiones del gobierno hernando de soto presidente del per,1
es interesante mo cada vez que escarbo un poco en la candidatura de hernando de soto aparece alg fujimorista hijx de fujimorista alg personaje de pasado turbio lo bueno es que es poco probable que pase da vuelta meta congresistas,0
asuuuu hernando de soto recibio tremendo respaldo del co fundador de us,1
pienso votar por hernando de soto pero si estos dos fueran las nicas opciones votar por rafael,1
el sr amuruz es libre de hacer con sus millones lo que mejor le parezca mi nica pregunta la candidata es si su pap est financiando la campa de hernando de soto quedo atento su respuesta,0
hernando de soto es os luz mejor el porky,1
ninguno hernando de soto pasar ya lo veraz los peruanos tenemos sentido comun,1
concuerdo contigo el porky hernando de soto son dos candidatos muy buenos pero hernando de soto me est convenciendo hay que aprovechar las oportunidades,1
el co fundador de us anuncia su blico respaldo hernando de soto el comparte que el trabajo de hernando sobre incluir todos en la econ mica significar una gran diferencia en el per el mundo si es que se pusiera en marcha,1
bien don hernando de soto,1
cass hernando de soto extremo,1
plan de acci que permitir incluir el aparato log stico inform tico planificador de nuestras ffaa de la pnp poner al servicio de la sociedad las organizaciones militares licenciados sistemas de autodefensa desotopresidente,1
bien hernando de soto eres grande,1
reci escucho la entrevista de hernando de soto que asco de ser humano,0
as es se or hernando de soto,1
hernando de soto,1
me encantar ver como defienden sus candidatos los que atacan hernando de soto xd si esq pueden,1
grande hernando de soto vamos per votemos con esperanza por nuestro futuro jovenes refrexionemos nuestro pa necesita gobernabilidad all de ideolog izq derecha sabemos hdp es uno de los mejores economista en el mundo ser una gran oportunidad,1
hernando de soto es otro huevonazo,0
el porky rafael pez aliaga sobre keiko fujimori no me comparen con una persona que no se sabe mo ha estudiado quisiera saber mo su padre pudo pagar us por hijo en estados unidos de nde sali esa plata no peleen que hernando de soto es mejor que ustedes dos,1
canela hernando de soto literalmente le rob la autor de su libro famoso ghersi ghibellini,0
profesional usted es el nico preparado ser un honor tenerlo como presidente por dios merecemos un buen presidente despu de tanto depende de nosotros elegir bien hernando de soto presidente tiene mi voto doctor,1
tom pero mis abuelos os paran publicando tonteras desacreditando de soto insultando rla keiko forsyth solo mi familia nuclear unos os primos apoyan hernando,1
digan lo que digan hernando de soto es un grande,1
bueno pero en la parte econ mica el mejor preparado es hernando de soto hasta ahora sigo votando por,1
se quedo hernando de soto per esta en el momento mas dif cil de su historia no podia ser imparcial tenia que arriesgarse enfrentarse con todo la corrupci de vizcarra no lo hizo lo hizo rafael lopez aliaga eso le falto hds yo iba votar por el,0
eso demuestra hidalgu de su parte se or hernando de soto,1
un caballero hidalgo se or hernando de soto peruano ilustre,1
elecciones el candidato la presidencia por avanza pa se al que aunque este sector no lo aparente el valor total de sus hogares asciende alrededor de billones de lares,0
lopez aliaga hernando de soto forsyth keiko muchos dicen estupideces del tama del everest pero ellos nunca la prensa los tratara de idiotas ignorantes solidaridad de clase le llaman,0
dejen de pensar en hernando de soto la nica opci debe ser,0
rojos morados celestes todos mienten para ganarse los votos de los indecisos de los que est hartos del sistema de la delincuencia etc pero todos ellos tienen planes ut picos el nico que tiene planes viables pensados en el progreso de los peruanos es hernando de soto,1
yo soy de centro votare por el tio porky porque no quiero que gane la izquierda que no aprendido nada una pena que hernando de soto no tiene opcion de ganar prefiero mil veces al tio porky que vero mendoza keiko lescano,0
recuerdan cuando nos burl bamos de que los doctorados de hernando de soto fueran honoris causa los considerara rito acad mico ah the good old times,1
prefiero votar mil veces por hernando de soto que representa las ideas de derecha cada vez que habla sustenta el plan de reactivaci econ mica un se or que me habla incoherencias ideolog cas extremistas por ltimo debate entre los vamos ayudar los drchistas indecisos,1
us gracias votare por hernando de soto,1
pez aliaga es de derecha as secas keiko es tibia ni chicha ni limonada se acomoda al que lo quiere encarcelar hernando de soto es izquierda progre,0
respeto su opini pero no la comparto para el mejor candidato es hernando de soto desotopresidente,1
hernando de soto porki aguantado sueltan sandez media nadie les cuestiona nada,0
gd mendoza su candidato es hernando de soto,1
revis el video ese gordo del video es infumable el nico impuesto que piensa subir es el selectivo pero el resto son reformas pro mercado no existe candidato liberal al por ciento pero el plan de hernando de soto es el mejor lo dice el mismo gordo del video,1
lo que las personas pobres tienen parece no ser mucho pero el valor total de sus hogares en per es alrededor de billones de lares hernando de soto desotosabe desotopresidente,1
hernando de soto que responde una cosa por otra ni se entiende,0
si me citas las huevadas que ha dicho hernando de soto estar ch vere fuera de jodas,0
literalmente es hernando de soto,1
si no es guzm es hernando de soto pero ver nika nicagando,1
las responsabilidades son individuales la postura de hernando de soto es que se puede combatir la pobreza bajo cualquier sistema gimen pol tico simplemente aplicando estrategias de desburocratizaci de libre mercado,1
en qu mundo piketty es de derecha es gico que si hernando de soto es de derecha no concuerde con piketty pero no estar de lado de piketty no te hace conservador,0
rafael hernando de soto segunda vuelta nada que keiko lescano vero mucho menos guzm,1
hoy en el blog el indio que hac de gu atac varias veces los espa oles tuvieron que matarlo luego encontraron el puerto que utiliz nfilo de narv ez anteriormente pedro calder sus hombres se reunir con hernando de soto,0
hernando de soto es muy bueno pero reducir pez aliaga solo por su religi me parece mal recuerda que ambos tienen buenas ideas con respecto la econom todos unidos contra los zurdos que quieren seguir en el poder,1
cass rafael pez aliaga est haciendo algo que hernando de soto no ha podido entusiasmar no comulgo completamente con pez aliaga pero por ahora me basta que no quiera cargarse la constituci de frente un una rival de segunda vuelta que lo quiera,0
mendoza aun no entiendo teniendo candidatos como hernando de soto que te puedes ver cualqueira de sus entrevistas tiene un plan de accion para cada una de sus propuestas se les ocurre votar por veronika lopez aliaga es inaudito,1
estrategia de seguridad de hernando de soto pasa por utilizar el aparato log stico de las ff aa en conjunto con la la delincuencia com organizada es uno de los enemigos que su gobierno buscar derrotar en sus primeros os de gesti,1
